{
    "album_type" : "album",
    "artists" : [ {
      "external_urls" : {
        "spotify" : "https://open.spotify.com/artist/0YMeriqrS3zgsX24nfY0F0"
      },
      "href" : "https://api.spotify.com/v1/artists/0YMeriqrS3zgsX24nfY0F0",
      "id" : "0YMeriqrS3zgsX24nfY0F0",
      "name" : "The Tragically Hip",
      "type" : "artist",
      "uri" : "spotify:artist:0YMeriqrS3zgsX24nfY0F0"
    } ],
    "available_markets" : [ "AD", "AE", "AG", "AL", "AM", "AO", "AR", "AT", "AU", "AZ", "BA", "BB", "BD", "BE", "BG", "BH", "BI", "BJ", "BO", "BR", "BS", "BT", "BW", "BZ", "CA", "CD", "CG", "CH", "CI", "CL", "CM", "CO", "CR", "CV", "CW", "CY", "CZ", "DE", "DJ", "DK", "DM", "DO", "DZ", "EC", "EE", "EG", "ES", "FI", "FJ", "FM", "FR", "GA", "GB", "GD", "GE", "GH", "GM", "GN", "GQ", "GR", "GT", "GW", "GY", "HK", "HN", "HR", "HT", "HU", "ID", "IE", "IL", "IN", "IQ", "IS", "IT", "JM", "JO", "JP", "KE", "KG", "KH", "KI", "KM", "KN", "KR", "KW", "KZ", "LA", "LB", "LC", "LI", "LK", "LR", "LS", "LT", "LU", "LV", "LY", "MA", "MC", "MD", "ME", "MG", "MH", "MK", "ML", "MN", "MO", "MR", "MT", "MU", "MV", "MW", "MX", "MY", "MZ", "NA", "NE", "NG", "NI", "NL", "NO", "NR", "NZ", "OM", "PA", "PE", "PG", "PH", "PK", "PL", "PS", "PT", "PW", "PY", "QA", "RO", "RS", "RW", "SA", "SB", "SC", "SE", "SG", "SI", "SK", "SL", "SM", "SN", "SR", "ST", "SV", "SZ", "TD", "TG", "TH", "TJ", "TL", "TN", "TO", "TR", "TT", "TV", "TW", "TZ", "UA", "UG", "US", "UY", "VC", "VE", "VN", "VU", "WS", "XK", "ZA", "ZM", "ZW" ],
    "copyrights" : [ {
      "text" : "Â© 1994 Universal Music, a division of Universal Studios Canada Ltd.",
      "type" : "C"
    }, {
      "text" : "â„— 1994 Universal Music, a division of Universal Studios Canada Ltd.",
      "type" : "P"
    } ],
    "external_ids" : {
      "upc" : "00602577016776"
    },
    "external_urls" : {
      "spotify" : "https://open.spotify.com/album/3qtWDY2yl7NGrpCYqxrUt6"
    },
    "genres" : [ ],
    "href" : "https://api.spotify.com/v1/albums/3qtWDY2yl7NGrpCYqxrUt6",
    "id" : "3qtWDY2yl7NGrpCYqxrUt6",
    "images" : [ {
      "height" : 640,
      "url" : "https://i.scdn.co/image/ab67616d0000b273fd15a0df85c91d436278bbbf",
      "width" : 640
    }, {
      "height" : 300,
      "url" : "https://i.scdn.co/image/ab67616d00001e02fd15a0df85c91d436278bbbf",
      "width" : 300
    }, {
      "height" : 64,
      "url" : "https://i.scdn.co/image/ab67616d00004851fd15a0df85c91d436278bbbf",
      "width" : 64
    } ],
    "label" : "Universal Music Canada",
    "name" : "Day For Night",
    "popularity" : 42,
    "release_date" : "1994-09-09",
    "release_date_precision" : "day",
    "total_tracks" : 14,
    "tracks" : {
      "href" : "https://api.spotify.com/v1/albums/3qtWDY2yl7NGrpCYqxrUt6/tracks?offset=0&limit=50&locale=en-US,en;q=0.9",
      "items" : [ {
        "artists" : [ {
          "external_urls" : {
            "spotify" : "https://open.spotify.com/artist/0YMeriqrS3zgsX24nfY0F0"
          },
          "href" : "https://api.spotify.com/v1/artists/0YMeriqrS3zgsX24nfY0F0",
          "id" : "0YMeriqrS3zgsX24nfY0F0",
          "name" : "The Tragically Hip",
          "type" : "artist",
          "uri" : "spotify:artist:0YMeriqrS3zgsX24nfY0F0"
        } ],
        "available_markets" : [ "AD", "AE", "AG", "AL", "AM", "AO", "AR", "AT", "AU", "AZ", "BA", "BB", "BD", "BE", "BG", "BH", "BI", "BJ", "BO", "BR", "BS", "BT", "BW", "BZ", "CA", "CD", "CG", "CH", "CI", "CL", "CM", "CO", "CR", "CV", "CW", "CY", "CZ", "DE", "DJ", "DK", "DM", "DO", "DZ", "EC", "EE", "EG", "ES", "FI", "FJ", "FM", "FR", "GA", "GB", "GD", "GE", "GH", "GM", "GN", "GQ", "GR", "GT", "GW", "GY", "HK", "HN", "HR", "HT", "HU", "ID", "IE", "IL", "IN", "IQ", "IS", "IT", "JM", "JO", "JP", "KE", "KG", "KH", "KI", "KM", "KN", "KR", "KW", "KZ", "LA", "LB", "LC", "LI", "LK", "LR", "LS", "LT", "LU", "LV", "LY", "MA", "MC", "MD", "ME", "MG", "MH", "MK", "ML", "MN", "MO", "MR", "MT", "MU", "MV", "MW", "MX", "MY", "MZ", "NA", "NE", "NG", "NI", "NL", "NO", "NR", "NZ", "OM", "PA", "PE", "PG", "PH", "PK", "PL", "PS", "PT", "PW", "PY", "QA", "RO", "RS", "RW", "SA", "SB", "SC", "SE", "SG", "SI", "SK", "SL", "SM", "SN", "SR", "ST", "SV", "SZ", "TD", "TG", "TH", "TJ", "TL", "TN", "TO", "TR", "TT", "TV", "TW", "TZ", "UA", "UG", "US", "UY", "VC", "VE", "VN", "VU", "WS", "XK", "ZA", "ZM", "ZW" ],
        "disc_number" : 1,
        "duration_ms" : 334933,
        "explicit" : false,
        "external_urls" : {
          "spotify" : "https://open.spotify.com/track/0qC02cAOQmm4eJR4Kn9pcY"
        },
        "href" : "https://api.spotify.com/v1/tracks/0qC02cAOQmm4eJR4Kn9pcY",
        "id" : "0qC02cAOQmm4eJR4Kn9pcY",
        "is_local" : false,
        "name" : "Grace, Too",
        "preview_url" : null,
        "track_number" : 1,
        "type" : "track",
        "uri" : "spotify:track:0qC02cAOQmm4eJR4Kn9pcY"
      }, {
        "artists" : [ {
          "external_urls" : {
            "spotify" : "https://open.spotify.com/artist/0YMeriqrS3zgsX24nfY0F0"
          },
          "href" : "https://api.spotify.com/v1/artists/0YMeriqrS3zgsX24nfY0F0",
          "id" : "0YMeriqrS3zgsX24nfY0F0",
          "name" : "The Tragically Hip",
          "type" : "artist",
          "uri" : "spotify:artist:0YMeriqrS3zgsX24nfY0F0"
        } ],
        "available_markets" : [ "AD", "AE", "AG", "AL", "AM", "AO", "AR", "AT", "AU", "AZ", "BA", "BB", "BD", "BE", "BG", "BH", "BI", "BJ", "BO", "BR", "BS", "BT", "BW", "BZ", "CA", "CD", "CG", "CH", "CI", "CL", "CM", "CO", "CR", "CV", "CW", "CY", "CZ", "DE", "DJ", "DK", "DM", "DO", "DZ", "EC", "EE", "EG", "ES", "FI", "FJ", "FM", "FR", "GA", "GB", "GD", "GE", "GH", "GM", "GN", "GQ", "GR", "GT", "GW", "GY", "HK", "HN", "HR", "HT", "HU", "ID", "IE", "IL", "IN", "IQ", "IS", "IT", "JM", "JO", "JP", "KE", "KG", "KH", "KI", "KM", "KN", "KR", "KW", "KZ", "LA", "LB", "LC", "LI", "LK", "LR", "LS", "LT", "LU", "LV", "LY", "MA", "MC", "MD", "ME", "MG", "MH", "MK", "ML", "MN", "MO", "MR", "MT", "MU", "MV", "MW", "MX", "MY", "MZ", "NA", "NE", "NG", "NI", "NL", "NO", "NR", "NZ", "OM", "PA", "PE", "PG", "PH", "PK", "PL", "PS", "PT", "PW", "PY", "QA", "RO", "RS", "RW", "SA", "SB", "SC", "SE", "SG", "SI", "SK", "SL", "SM", "SN", "SR", "ST", "SV", "SZ", "TD", "TG", "TH", "TJ", "TL", "TN", "TO", "TR", "TT", "TV", "TW", "TZ", "UA", "UG", "US", "UY", "VC", "VE", "VN", "VU", "WS", "XK", "ZA", "ZM", "ZW" ],
        "disc_number" : 1,
        "duration_ms" : 225466,
        "explicit" : false,
        "external_urls" : {
          "spotify" : "https://open.spotify.com/track/2fnYSXftJFnuzFaBNr8AP0"
        },
        "href" : "https://api.spotify.com/v1/tracks/2fnYSXftJFnuzFaBNr8AP0",
        "id" : "2fnYSXftJFnuzFaBNr8AP0",
        "is_local" : false,
        "name" : "Daredevil",
        "preview_url" : null,
        "track_number" : 2,
        "type" : "track",
        "uri" : "spotify:track:2fnYSXftJFnuzFaBNr8AP0"
      }, {
        "artists" : [ {
          "external_urls" : {
            "spotify" : "https://open.spotify.com/artist/0YMeriqrS3zgsX24nfY0F0"
          },
          "href" : "https://api.spotify.com/v1/artists/0YMeriqrS3zgsX24nfY0F0",
          "id" : "0YMeriqrS3zgsX24nfY0F0",
          "name" : "The Tragically Hip",
          "type" : "artist",
          "uri" : "spotify:artist:0YMeriqrS3zgsX24nfY0F0"
        } ],
        "available_markets" : [ "AD", "AE", "AG", "AL", "AM", "AO", "AR", "AT", "AU", "AZ", "BA", "BB", "BD", "BE", "BG", "BH", "BI", "BJ", "BO", "BR", "BS", "BT", "BW", "BZ", "CA", "CD", "CG", "CH", "CI", "CL", "CM", "CO", "CR", "CV", "CW", "CY", "CZ", "DE", "DJ", "DK", "DM", "DO", "DZ", "EC", "EE", "EG", "ES", "FI", "FJ", "FM", "FR", "GA", "GB", "GD", "GE", "GH", "GM", "GN", "GQ", "GR", "GT", "GW", "GY", "HK", "HN", "HR", "HT", "HU", "ID", "IE", "IL", "IN", "IQ", "IS", "IT", "JM", "JO", "JP", "KE", "KG", "KH", "KI", "KM", "KN", "KR", "KW", "KZ", "LA", "LB", "LC", "LI", "LK", "LR", "LS", "LT", "LU", "LV", "LY", "MA", "MC", "MD", "ME", "MG", "MH", "MK", "ML", "MN", "MO", "MR", "MT", "MU", "MV", "MW", "MX", "MY", "MZ", "NA", "NE", "NG", "NI", "NL", "NO", "NR", "NZ", "OM", "PA", "PE", "PG", "PH", "PK", "PL", "PS", "PT", "PW", "PY", "QA", "RO", "RS", "RW", "SA", "SB", "SC", "SE", "SG", "SI", "SK", "SL", "SM", "SN", "SR", "ST", "SV", "SZ", "TD", "TG", "TH", "TJ", "TL", "TN", "TO", "TR", "TT", "TV", "TW", "TZ", "UA", "UG", "US", "UY", "VC", "VE", "VN", "VU", "WS", "XK", "ZA", "ZM", "ZW" ],
        "disc_number" : 1,
        "duration_ms" : 267106,
        "explicit" : false,
        "external_urls" : {
          "spotify" : "https://open.spotify.com/track/09uQgQGFxvlBH0P2qKIYNp"
        },
        "href" : "https://api.spotify.com/v1/tracks/09uQgQGFxvlBH0P2qKIYNp",
        "id" : "09uQgQGFxvlBH0P2qKIYNp",
        "is_local" : false,
        "name" : "Greasy Jungle",
        "preview_url" : null,
        "track_number" : 3,
        "type" : "track",
        "uri" : "spotify:track:09uQgQGFxvlBH0P2qKIYNp"
      }, {
        "artists" : [ {
          "external_urls" : {
            "spotify" : "https://open.spotify.com/artist/0YMeriqrS3zgsX24nfY0F0"
          },
          "href" : "https://api.spotify.com/v1/artists/0YMeriqrS3zgsX24nfY0F0",
          "id" : "0YMeriqrS3zgsX24nfY0F0",
          "name" : "The Tragically Hip",
          "type" : "artist",
          "uri" : "spotify:artist:0YMeriqrS3zgsX24nfY0F0"
        } ],
        "available_markets" : [ "AD", "AE", "AG", "AL", "AM", "AO", "AR", "AT", "AU", "AZ", "BA", "BB", "BD", "BE", "BG", "BH", "BI", "BJ", "BO", "BR", "BS", "BT", "BW", "BZ", "CA", "CD", "CG", "CH", "CI", "CL", "CM", "CO", "CR", "CV", "CW", "CY", "CZ", "DE", "DJ", "DK", "DM", "DO", "DZ", "EC", "EE", "EG", "ES", "FI", "FJ", "FM", "FR", "GA", "GB", "GD", "GE", "GH", "GM", "GN", "GQ", "GR", "GT", "GW", "GY", "HK", "HN", "HR", "HT", "HU", "ID", "IE", "IL", "IN", "IQ", "IS", "IT", "JM", "JO", "JP", "KE", "KG", "KH", "KI", "KM", "KN", "KR", "KW", "KZ", "LA", "LB", "LC", "LI", "LK", "LR", "LS", "LT", "LU", "LV", "LY", "MA", "MC", "MD", "ME", "MG", "MH", "MK", "ML", "MN", "MO", "MR", "MT", "MU", "MV", "MW", "MX", "MY", "MZ", "NA", "NE", "NG", "NI", "NL", "NO", "NR", "NZ", "OM", "PA", "PE", "PG", "PH", "PK", "PL", "PS", "PT", "PW", "PY", "QA", "RO", "RS", "RW", "SA", "SB", "SC", "SE", "SG", "SI", "SK", "SL", "SM", "SN", "SR", "ST", "SV", "SZ", "TD", "TG", "TH", "TJ", "TL", "TN", "TO", "TR", "TT", "TV", "TW", "TZ", "UA", "UG", "US", "UY", "VC", "VE", "VN", "VU", "WS", "XK", "ZA", "ZM", "ZW" ],
        "disc_number" : 1,
        "duration_ms" : 294506,
        "explicit" : false,
        "external_urls" : {
          "spotify" : "https://open.spotify.com/track/5V007ZngPXilx7O843R9FU"
        },
        "href" : "https://api.spotify.com/v1/tracks/5V007ZngPXilx7O843R9FU",
        "id" : "5V007ZngPXilx7O843R9FU",
        "is_local" : false,
        "name" : "Yawning Or Snarling",
        "preview_url" : null,
        "track_number" : 4,
        "type" : "track",
        "uri" : "spotify:track:5V007ZngPXilx7O843R9FU"
      }, {
        "artists" : [ {
          "external_urls" : {
            "spotify" : "https://open.spotify.com/artist/0YMeriqrS3zgsX24nfY0F0"
          },
          "href" : "https://api.spotify.com/v1/artists/0YMeriqrS3zgsX24nfY0F0",
          "id" : "0YMeriqrS3zgsX24nfY0F0",
          "name" : "The Tragically Hip",
          "type" : "artist",
          "uri" : "spotify:artist:0YMeriqrS3zgsX24nfY0F0"
        } ],
        "available_markets" : [ "AD", "AE", "AG", "AL", "AM", "AO", "AR", "AT", "AU", "AZ", "BA", "BB", "BD", "BE", "BG", "BH", "BI", "BJ", "BO", "BR", "BS", "BT", "BW", "BZ", "CA", "CD", "CG", "CH", "CI", "CL", "CM", "CO", "CR", "CV", "CW", "CY", "CZ", "DE", "DJ", "DK", "DM", "DO", "DZ", "EC", "EE", "EG", "ES", "FI", "FJ", "FM", "FR", "GA", "GB", "GD", "GE", "GH", "GM", "GN", "GQ", "GR", "GT", "GW", "GY", "HK", "HN", "HR", "HT", "HU", "ID", "IE", "IL", "IN", "IQ", "IS", "IT", "JM", "JO", "JP", "KE", "KG", "KH", "KI", "KM", "KN", "KR", "KW", "KZ", "LA", "LB", "LC", "LI", "LK", "LR", "LS", "LT", "LU", "LV", "LY", "MA", "MC", "MD", "ME", "MG", "MH", "MK", "ML", "MN", "MO", "MR", "MT", "MU", "MV", "MW", "MX", "MY", "MZ", "NA", "NE", "NG", "NI", "NL", "NO", "NR", "NZ", "OM", "PA", "PE", "PG", "PH", "PK", "PL", "PS", "PT", "PW", "PY", "QA", "RO", "RS", "RW", "SA", "SB", "SC", "SE", "SG", "SI", "SK", "SL", "SM", "SN", "SR", "ST", "SV", "SZ", "TD", "TG", "TH", "TJ", "TL", "TN", "TO", "TR", "TT", "TV", "TW", "TZ", "UA", "UG", "US", "UY", "VC", "VE", "VN", "VU", "WS", "XK", "ZA", "ZM", "ZW" ],
        "disc_number" : 1,
        "duration_ms" : 195026,
        "explicit" : true,
        "external_urls" : {
          "spotify" : "https://open.spotify.com/track/4hBAzBBKxwOJJcQ0sCERwm"
        },
        "href" : "https://api.spotify.com/v1/tracks/4hBAzBBKxwOJJcQ0sCERwm",
        "id" : "4hBAzBBKxwOJJcQ0sCERwm",
        "is_local" : false,
        "name" : "Fire In The Hole",
        "preview_url" : null,
        "track_number" : 5,
        "type" : "track",
        "uri" : "spotify:track:4hBAzBBKxwOJJcQ0sCERwm"
      }, {
        "artists" : [ {
          "external_urls" : {
            "spotify" : "https://open.spotify.com/artist/0YMeriqrS3zgsX24nfY0F0"
          },
          "href" : "https://api.spotify.com/v1/artists/0YMeriqrS3zgsX24nfY0F0",
          "id" : "0YMeriqrS3zgsX24nfY0F0",
          "name" : "The Tragically Hip",
          "type" : "artist",
          "uri" : "spotify:artist:0YMeriqrS3zgsX24nfY0F0"
        } ],
        "available_markets" : [ "AD", "AE", "AG", "AL", "AM", "AO", "AR", "AT", "AU", "AZ", "BA", "BB", "BD", "BE", "BG", "BH", "BI", "BJ", "BO", "BR", "BS", "BT", "BW", "BZ", "CA", "CD", "CG", "CH", "CI", "CL", "CM", "CO", "CR", "CV", "CW", "CY", "CZ", "DE", "DJ", "DK", "DM", "DO", "DZ", "EC", "EE", "EG", "ES", "FI", "FJ", "FM", "FR", "GA", "GB", "GD", "GE", "GH", "GM", "GN", "GQ", "GR", "GT", "GW", "GY", "HK", "HN", "HR", "HT", "HU", "ID", "IE", "IL", "IN", "IQ", "IS", "IT", "JM", "JO", "JP", "KE", "KG", "KH", "KI", "KM", "KN", "KR", "KW", "KZ", "LA", "LB", "LC", "LI", "LK", "LR", "LS", "LT", "LU", "LV", "LY", "MA", "MC", "MD", "ME", "MG", "MH", "MK", "ML", "MN", "MO", "MR", "MT", "MU", "MV", "MW", "MX", "MY", "MZ", "NA", "NE", "NG", "NI", "NL", "NO", "NR", "NZ", "OM", "PA", "PE", "PG", "PH", "PK", "PL", "PS", "PT", "PW", "PY", "QA", "RO", "RS", "RW", "SA", "SB", "SC", "SE", "SG", "SI", "SK", "SL", "SM", "SN", "SR", "ST", "SV", "SZ", "TD", "TG", "TH", "TJ", "TL", "TN", "TO", "TR", "TT", "TV", "TW", "TZ", "UA", "UG", "US", "UY", "VC", "VE", "VN", "VU", "WS", "XK", "ZA", "ZM", "ZW" ],
        "disc_number" : 1,
        "duration_ms" : 208733,
        "explicit" : false,
        "external_urls" : {
          "spotify" : "https://open.spotify.com/track/1sGaMnUDYtJ9NMeN7NGfoY"
        },
        "href" : "https://api.spotify.com/v1/tracks/1sGaMnUDYtJ9NMeN7NGfoY",
        "id" : "1sGaMnUDYtJ9NMeN7NGfoY",
        "is_local" : false,
        "name" : "So Hard Done By",
        "preview_url" : null,
        "track_number" : 6,
        "type" : "track",
        "uri" : "spotify:track:1sGaMnUDYtJ9NMeN7NGfoY"
      }, {
        "artists" : [ {
          "external_urls" : {
            "spotify" : "https://open.spotify.com/artist/0YMeriqrS3zgsX24nfY0F0"
          },
          "href" : "https://api.spotify.com/v1/artists/0YMeriqrS3zgsX24nfY0F0",
          "id" : "0YMeriqrS3zgsX24nfY0F0",
          "name" : "The Tragically Hip",
          "type" : "artist",
          "uri" : "spotify:artist:0YMeriqrS3zgsX24nfY0F0"
        } ],
        "available_markets" : [ "AD", "AE", "AG", "AL", "AM", "AO", "AR", "AT", "AU", "AZ", "BA", "BB", "BD", "BE", "BG", "BH", "BI", "BJ", "BO", "BR", "BS", "BT", "BW", "BZ", "CA", "CD", "CG", "CH", "CI", "CL", "CM", "CO", "CR", "CV", "CW", "CY", "CZ", "DE", "DJ", "DK", "DM", "DO", "DZ", "EC", "EE", "EG", "ES", "FI", "FJ", "FM", "FR", "GA", "GB", "GD", "GE", "GH", "GM", "GN", "GQ", "GR", "GT", "GW", "GY", "HK", "HN", "HR", "HT", "HU", "ID", "IE", "IL", "IN", "IQ", "IS", "IT", "JM", "JO", "JP", "KE", "KG", "KH", "KI", "KM", "KN", "KR", "KW", "KZ", "LA", "LB", "LC", "LI", "LK", "LR", "LS", "LT", "LU", "LV", "LY", "MA", "MC", "MD", "ME", "MG", "MH", "MK", "ML", "MN", "MO", "MR", "MT", "MU", "MV", "MW", "MX", "MY", "MZ", "NA", "NE", "NG", "NI", "NL", "NO", "NR", "NZ", "OM", "PA", "PE", "PG", "PH", "PK", "PL", "PS", "PT", "PW", "PY", "QA", "RO", "RS", "RW", "SA", "SB", "SC", "SE", "SG", "SI", "SK", "SL", "SM", "SN", "SR", "ST", "SV", "SZ", "TD", "TG", "TH", "TJ", "TL", "TN", "TO", "TR", "TT", "TV", "TW", "TZ", "UA", "UG", "US", "UY", "VC", "VE", "VN", "VU", "WS", "XK", "ZA", "ZM", "ZW" ],
        "disc_number" : 1,
        "duration_ms" : 282693,
        "explicit" : false,
        "external_urls" : {
          "spotify" : "https://open.spotify.com/track/58Gi98Nvrjo7qVI1dHOqFD"
        },
        "href" : "https://api.spotify.com/v1/tracks/58Gi98Nvrjo7qVI1dHOqFD",
        "id" : "58Gi98Nvrjo7qVI1dHOqFD",
        "is_local" : false,
        "name" : "Nautical Disaster",
        "preview_url" : null,
        "track_number" : 7,
        "type" : "track",
        "uri" : "spotify:track:58Gi98Nvrjo7qVI1dHOqFD"
      }, {
        "artists" : [ {
          "external_urls" : {
            "spotify" : "https://open.spotify.com/artist/0YMeriqrS3zgsX24nfY0F0"
          },
          "href" : "https://api.spotify.com/v1/artists/0YMeriqrS3zgsX24nfY0F0",
          "id" : "0YMeriqrS3zgsX24nfY0F0",
          "name" : "The Tragically Hip",
          "type" : "artist",
          "uri" : "spotify:artist:0YMeriqrS3zgsX24nfY0F0"
        } ],
        "available_markets" : [ "AD", "AE", "AG", "AL", "AM", "AO", "AR", "AT", "AU", "AZ", "BA", "BB", "BD", "BE", "BG", "BH", "BI", "BJ", "BO", "BR", "BS", "BT", "BW", "BZ", "CA", "CD", "CG", "CH", "CI", "CL", "CM", "CO", "CR", "CV", "CW", "CY", "CZ", "DE", "DJ", "DK", "DM", "DO", "DZ", "EC", "EE", "EG", "ES", "FI", "FJ", "FM", "FR", "GA", "GB", "GD", "GE", "GH", "GM", "GN", "GQ", "GR", "GT", "GW", "GY", "HK", "HN", "HR", "HT", "HU", "ID", "IE", "IL", "IN", "IQ", "IS", "IT", "JM", "JO", "JP", "KE", "KG", "KH", "KI", "KM", "KN", "KR", "KW", "KZ", "LA", "LB", "LC", "LI", "LK", "LR", "LS", "LT", "LU", "LV", "LY", "MA", "MC", "MD", "ME", "MG", "MH", "MK", "ML", "MN", "MO", "MR", "MT", "MU", "MV", "MW", "MX", "MY", "MZ", "NA", "NE", "NG", "NI", "NL", "NO", "NR", "NZ", "OM", "PA", "PE", "PG", "PH", "PK", "PL", "PS", "PT", "PW", "PY", "QA", "RO", "RS", "RW", "SA", "SB", "SC", "SE", "SG", "SI", "SK", "SL", "SM", "SN", "SR", "ST", "SV", "SZ", "TD", "TG", "TH", "TJ", "TL", "TN", "TO", "TR", "TT", "TV", "TW", "TZ", "UA", "UG", "US", "UY", "VC", "VE", "VN", "VU", "WS", "XK", "ZA", "ZM", "ZW" ],
        "disc_number" : 1,
        "duration_ms" : 283360,
        "explicit" : false,
        "external_urls" : {
          "spotify" : "https://open.spotify.com/track/4QYenKdpsnMVJmngTPDptz"
        },
        "href" : "https://api.spotify.com/v1/tracks/4QYenKdpsnMVJmngTPDptz",
        "id" : "4QYenKdpsnMVJmngTPDptz",
        "is_local" : false,
        "name" : "Thugs",
        "preview_url" : null,
        "track_number" : 8,
        "type" : "track",
        "uri" : "spotify:track:4QYenKdpsnMVJmngTPDptz"
      }, {
        "artists" : [ {
          "external_urls" : {
            "spotify" : "https://open.spotify.com/artist/0YMeriqrS3zgsX24nfY0F0"
          },
          "href" : "https://api.spotify.com/v1/artists/0YMeriqrS3zgsX24nfY0F0",
          "id" : "0YMeriqrS3zgsX24nfY0F0",
          "name" : "The Tragically Hip",
          "type" : "artist",
          "uri" : "spotify:artist:0YMeriqrS3zgsX24nfY0F0"
        } ],
        "available_markets" : [ "AD", "AE", "AG", "AL", "AM", "AO", "AR", "AT", "AU", "AZ", "BA", "BB", "BD", "BE", "BG", "BH", "BI", "BJ", "BO", "BR", "BS", "BT", "BW", "BZ", "CA", "CD", "CG", "CH", "CI", "CL", "CM", "CO", "CR", "CV", "CW", "CY", "CZ", "DE", "DJ", "DK", "DM", "DO", "DZ", "EC", "EE", "EG", "ES", "FI", "FJ", "FM", "FR", "GA", "GB", "GD", "GE", "GH", "GM", "GN", "GQ", "GR", "GT", "GW", "GY", "HK", "HN", "HR", "HT", "HU", "ID", "IE", "IL", "IN", "IQ", "IS", "IT", "JM", "JO", "JP", "KE", "KG", "KH", "KI", "KM", "KN", "KR", "KW", "KZ", "LA", "LB", "LC", "LI", "LK", "LR", "LS", "LT", "LU", "LV", "LY", "MA", "MC", "MD", "ME", "MG", "MH", "MK", "ML", "MN", "MO", "MR", "MT", "MU", "MV", "MW", "MX", "MY", "MZ", "NA", "NE", "NG", "NI", "NL", "NO", "NR", "NZ", "OM", "PA", "PE", "PG", "PH", "PK", "PL", "PS", "PT", "PW", "PY", "QA", "RO", "RS", "RW", "SA", "SB", "SC", "SE", "SG", "SI", "SK", "SL", "SM", "SN", "SR", "ST", "SV", "SZ", "TD", "TG", "TH", "TJ", "TL", "TN", "TO", "TR", "TT", "TV", "TW", "TZ", "UA", "UG", "US", "UY", "VC", "VE", "VN", "VU", "WS", "XK", "ZA", "ZM", "ZW" ],
        "disc_number" : 1,
        "duration_ms" : 232026,
        "explicit" : false,
        "external_urls" : {
          "spotify" : "https://open.spotify.com/track/6AQ1Ym0wbcHrGjKAmTbTCJ"
        },
        "href" : "https://api.spotify.com/v1/tracks/6AQ1Ym0wbcHrGjKAmTbTCJ",
        "id" : "6AQ1Ym0wbcHrGjKAmTbTCJ",
        "is_local" : false,
        "name" : "Inevitability Of Death",
        "preview_url" : null,
        "track_number" : 9,
        "type" : "track",
        "uri" : "spotify:track:6AQ1Ym0wbcHrGjKAmTbTCJ"
      }, {
        "artists" : [ {
          "external_urls" : {
            "spotify" : "https://open.spotify.com/artist/0YMeriqrS3zgsX24nfY0F0"
          },
          "href" : "https://api.spotify.com/v1/artists/0YMeriqrS3zgsX24nfY0F0",
          "id" : "0YMeriqrS3zgsX24nfY0F0",
          "name" : "The Tragically Hip",
          "type" : "artist",
          "uri" : "spotify:artist:0YMeriqrS3zgsX24nfY0F0"
        } ],
        "available_markets" : [ "AD", "AE", "AG", "AL", "AM", "AO", "AR", "AT", "AU", "AZ", "BA", "BB", "BD", "BE", "BG", "BH", "BI", "BJ", "BO", "BR", "BS", "BT", "BW", "BZ", "CA", "CD", "CG", "CH", "CI", "CL", "CM", "CO", "CR", "CV", "CW", "CY", "CZ", "DE", "DJ", "DK", "DM", "DO", "DZ", "EC", "EE", "EG", "ES", "FI", "FJ", "FM", "FR", "GA", "GB", "GD", "GE", "GH", "GM", "GN", "GQ", "GR", "GT", "GW", "GY", "HK", "HN", "HR", "HT", "HU", "ID", "IE", "IL", "IN", "IQ", "IS", "IT", "JM", "JO", "JP", "KE", "KG", "KH", "KI", "KM", "KN", "KR", "KW", "KZ", "LA", "LB", "LC", "LI", "LK", "LR", "LS", "LT", "LU", "LV", "LY", "MA", "MC", "MD", "ME", "MG", "MH", "MK", "ML", "MN", "MO", "MR", "MT", "MU", "MV", "MW", "MX", "MY", "MZ", "NA", "NE", "NG", "NI", "NL", "NO", "NR", "NZ", "OM", "PA", "PE", "PG", "PH", "PK", "PL", "PS", "PT", "PW", "PY", "QA", "RO", "RS", "RW", "SA", "SB", "SC", "SE", "SG", "SI", "SK", "SL", "SM", "SN", "SR", "ST", "SV", "SZ", "TD", "TG", "TH", "TJ", "TL", "TN", "TO", "TR", "TT", "TV", "TW", "TZ", "UA", "UG", "US", "UY", "VC", "VE", "VN", "VU", "WS", "XK", "ZA", "ZM", "ZW" ],
        "disc_number" : 1,
        "duration_ms" : 306626,
        "explicit" : false,
        "external_urls" : {
          "spotify" : "https://open.spotify.com/track/7jTns7NXrRxED1h1zObE04"
        },
        "href" : "https://api.spotify.com/v1/tracks/7jTns7NXrRxED1h1zObE04",
        "id" : "7jTns7NXrRxED1h1zObE04",
        "is_local" : false,
        "name" : "Scared",
        "preview_url" : null,
        "track_number" : 10,
        "type" : "track",
        "uri" : "spotify:track:7jTns7NXrRxED1h1zObE04"
      }, {
        "artists" : [ {
          "external_urls" : {
            "spotify" : "https://open.spotify.com/artist/0YMeriqrS3zgsX24nfY0F0"
          },
          "href" : "https://api.spotify.com/v1/artists/0YMeriqrS3zgsX24nfY0F0",
          "id" : "0YMeriqrS3zgsX24nfY0F0",
          "name" : "The Tragically Hip",
          "type" : "artist",
          "uri" : "spotify:artist:0YMeriqrS3zgsX24nfY0F0"
        } ],
        "available_markets" : [ "AD", "AE", "AG", "AL", "AM", "AO", "AR", "AT", "AU", "AZ", "BA", "BB", "BD", "BE", "BG", "BH", "BI", "BJ", "BO", "BR", "BS", "BT", "BW", "BZ", "CA", "CD", "CG", "CH", "CI", "CL", "CM", "CO", "CR", "CV", "CW", "CY", "CZ", "DE", "DJ", "DK", "DM", "DO", "DZ", "EC", "EE", "EG", "ES", "FI", "FJ", "FM", "FR", "GA", "GB", "GD", "GE", "GH", "GM", "GN", "GQ", "GR", "GT", "GW", "GY", "HK", "HN", "HR", "HT", "HU", "ID", "IE", "IL", "IN", "IQ", "IS", "IT", "JM", "JO", "JP", "KE", "KG", "KH", "KI", "KM", "KN", "KR", "KW", "KZ", "LA", "LB", "LC", "LI", "LK", "LR", "LS", "LT", "LU", "LV", "LY", "MA", "MC", "MD", "ME", "MG", "MH", "MK", "ML", "MN", "MO", "MR", "MT", "MU", "MV", "MW", "MX", "MY", "MZ", "NA", "NE", "NG", "NI", "NL", "NO", "NR", "NZ", "OM", "PA", "PE", "PG", "PH", "PK", "PL", "PS", "PT", "PW", "PY", "QA", "RO", "RS", "RW", "SA", "SB", "SC", "SE", "SG", "SI", "SK", "SL", "SM", "SN", "SR", "ST", "SV", "SZ", "TD", "TG", "TH", "TJ", "TL", "TN", "TO", "TR", "TT", "TV", "TW", "TZ", "UA", "UG", "US", "UY", "VC", "VE", "VN", "VU", "WS", "XK", "ZA", "ZM", "ZW" ],
        "disc_number" : 1,
        "duration_ms" : 200466,
        "explicit" : true,
        "external_urls" : {
          "spotify" : "https://open.spotify.com/track/3l1Y0Cd08XQ9OTaHxHWN9o"
        },
        "href" : "https://api.spotify.com/v1/tracks/3l1Y0Cd08XQ9OTaHxHWN9o",
        "id" : "3l1Y0Cd08XQ9OTaHxHWN9o",
        "is_local" : false,
        "name" : "An Inch An Hour",
        "preview_url" : null,
        "track_number" : 11,
        "type" : "track",
        "uri" : "spotify:track:3l1Y0Cd08XQ9OTaHxHWN9o"
      }, {
        "artists" : [ {
          "external_urls" : {
            "spotify" : "https://open.spotify.com/artist/0YMeriqrS3zgsX24nfY0F0"
          },
          "href" : "https://api.spotify.com/v1/artists/0YMeriqrS3zgsX24nfY0F0",
          "id" : "0YMeriqrS3zgsX24nfY0F0",
          "name" : "The Tragically Hip",
          "type" : "artist",
          "uri" : "spotify:artist:0YMeriqrS3zgsX24nfY0F0"
        } ],
        "available_markets" : [ "AD", "AE", "AG", "AL", "AM", "AO", "AR", "AT", "AU", "AZ", "BA", "BB", "BD", "BE", "BG", "BH", "BI", "BJ", "BO", "BR", "BS", "BT", "BW", "BZ", "CA", "CD", "CG", "CH", "CI", "CL", "CM", "CO", "CR", "CV", "CW", "CY", "CZ", "DE", "DJ", "DK", "DM", "DO", "DZ", "EC", "EE", "EG", "ES", "FI", "FJ", "FM", "FR", "GA", "GB", "GD", "GE", "GH", "GM", "GN", "GQ", "GR", "GT", "GW", "GY", "HK", "HN", "HR", "HT", "HU", "ID", "IE", "IL", "IN", "IQ", "IS", "IT", "JM", "JO", "JP", "KE", "KG", "KH", "KI", "KM", "KN", "KR", "KW", "KZ", "LA", "LB", "LC", "LI", "LK", "LR", "LS", "LT", "LU", "LV", "LY", "MA", "MC", "MD", "ME", "MG", "MH", "MK", "ML", "MN", "MO", "MR", "MT", "MU", "MV", "MW", "MX", "MY", "MZ", "NA", "NE", "NG", "NI", "NL", "NO", "NR", "NZ", "OM", "PA", "PE", "PG", "PH", "PK", "PL", "PS", "PT", "PW", "PY", "QA", "RO", "RS", "RW", "SA", "SB", "SC", "SE", "SG", "SI", "SK", "SL", "SM", "SN", "SR", "ST", "SV", "SZ", "TD", "TG", "TH", "TJ", "TL", "TN", "TO", "TR", "TT", "TV", "TW", "TZ", "UA", "UG", "US", "UY", "VC", "VE", "VN", "VU", "WS", "XK", "ZA", "ZM", "ZW" ],
        "disc_number" : 1,
        "duration_ms" : 213920,
        "explicit" : false,
        "external_urls" : {
          "spotify" : "https://open.spotify.com/track/6bdJek5KwBS7Vr0lTPWE8a"
        },
        "href" : "https://api.spotify.com/v1/tracks/6bdJek5KwBS7Vr0lTPWE8a",
        "id" : "6bdJek5KwBS7Vr0lTPWE8a",
        "is_local" : false,
        "name" : "Emergency",
        "preview_url" : null,
        "track_number" : 12,
        "type" : "track",
        "uri" : "spotify:track:6bdJek5KwBS7Vr0lTPWE8a"
      }, {
        "artists" : [ {
          "external_urls" : {
            "spotify" : "https://open.spotify.com/artist/0YMeriqrS3zgsX24nfY0F0"
          },
          "href" : "https://api.spotify.com/v1/artists/0YMeriqrS3zgsX24nfY0F0",
          "id" : "0YMeriqrS3zgsX24nfY0F0",
          "name" : "The Tragically Hip",
          "type" : "artist",
          "uri" : "spotify:artist:0YMeriqrS3zgsX24nfY0F0"
        } ],
        "available_markets" : [ "AD", "AE", "AG", "AL", "AM", "AO", "AR", "AT", "AU", "AZ", "BA", "BB", "BD", "BE", "BG", "BH", "BI", "BJ", "BO", "BR", "BS", "BT", "BW", "BZ", "CA", "CD", "CG", "CH", "CI", "CL", "CM", "CO", "CR", "CV", "CW", "CY", "CZ", "DE", "DJ", "DK", "DM", "DO", "DZ", "EC", "EE", "EG", "ES", "FI", "FJ", "FM", "FR", "GA", "GB", "GD", "GE", "GH", "GM", "GN", "GQ", "GR", "GT", "GW", "GY", "HK", "HN", "HR", "HT", "HU", "ID", "IE", "IL", "IN", "IQ", "IS", "IT", "JM", "JO", "JP", "KE", "KG", "KH", "KI", "KM", "KN", "KR", "KW", "KZ", "LA", "LB", "LC", "LI", "LK", "LR", "LS", "LT", "LU", "LV", "LY", "MA", "MC", "MD", "ME", "MG", "MH", "MK", "ML", "MN", "MO", "MR", "MT", "MU", "MV", "MW", "MX", "MY", "MZ", "NA", "NE", "NG", "NI", "NL", "NO", "NR", "NZ", "OM", "PA", "PE", "PG", "PH", "PK", "PL", "PS", "PT", "PW", "PY", "QA", "RO", "RS", "RW", "SA", "SB", "SC", "SE", "SG", "SI", "SK", "SL", "SM", "SN", "SR", "ST", "SV", "SZ", "TD", "TG", "TH", "TJ", "TL", "TN", "TO", "TR", "TT", "TV", "TW", "TZ", "UA", "UG", "US", "UY", "VC", "VE", "VN", "VU", "WS", "XK", "ZA", "ZM", "ZW" ],
        "disc_number" : 1,
        "duration_ms" : 272813,
        "explicit" : true,
        "external_urls" : {
          "spotify" : "https://open.spotify.com/track/5AdbdK5R4xHslewUMsnErS"
        },
        "href" : "https://api.spotify.com/v1/tracks/5AdbdK5R4xHslewUMsnErS",
        "id" : "5AdbdK5R4xHslewUMsnErS",
        "is_local" : false,
        "name" : "Titanic Terrarium",
        "preview_url" : null,
        "track_number" : 13,
        "type" : "track",
        "uri" : "spotify:track:5AdbdK5R4xHslewUMsnErS"
      }, {
        "artists" : [ {
          "external_urls" : {
            "spotify" : "https://open.spotify.com/artist/0YMeriqrS3zgsX24nfY0F0"
          },
          "href" : "https://api.spotify.com/v1/artists/0YMeriqrS3zgsX24nfY0F0",
          "id" : "0YMeriqrS3zgsX24nfY0F0",
          "name" : "The Tragically Hip",
          "type" : "artist",
          "uri" : "spotify:artist:0YMeriqrS3zgsX24nfY0F0"
        } ],
        "available_markets" : [ "AD", "AE", "AG", "AL", "AM", "AO", "AR", "AT", "AU", "AZ", "BA", "BB", "BD", "BE", "BG", "BH", "BI", "BJ", "BO", "BR", "BS", "BT", "BW", "BZ", "CA", "CD", "CG", "CH", "CI", "CL", "CM", "CO", "CR", "CV", "CW", "CY", "CZ", "DE", "DJ", "DK", "DM", "DO", "DZ", "EC", "EE", "EG", "ES", "FI", "FJ", "FM", "FR", "GA", "GB", "GD", "GE", "GH", "GM", "GN", "GQ", "GR", "GT", "GW", "GY", "HK", "HN", "HR", "HT", "HU", "ID", "IE", "IL", "IN", "IQ", "IS", "IT", "JM", "JO", "JP", "KE", "KG", "KH", "KI", "KM", "KN", "KR", "KW", "KZ", "LA", "LB", "LC", "LI", "LK", "LR", "LS", "LT", "LU", "LV", "LY", "MA", "MC", "MD", "ME", "MG", "MH", "MK", "ML", "MN", "MO", "MR", "MT", "MU", "MV", "MW", "MX", "MY", "MZ", "NA", "NE", "NG", "NI", "NL", "NO", "NR", "NZ", "OM", "PA", "PE", "PG", "PH", "PK", "PL", "PS", "PT", "PW", "PY", "QA", "RO", "RS", "RW", "SA", "SB", "SC", "SE", "SG", "SI", "SK", "SL", "SM", "SN", "SR", "ST", "SV", "SZ", "TD", "TG", "TH", "TJ", "TL", "TN", "TO", "TR", "TT", "TV", "TW", "TZ", "UA", "UG", "US", "UY", "VC", "VE", "VN", "VU", "WS", "XK", "ZA", "ZM", "ZW" ],
        "disc_number" : 1,
        "duration_ms" : 245773,
        "explicit" : false,
        "external_urls" : {
          "spotify" : "https://open.spotify.com/track/7ktUS8u1edDJ6WYPagXcrx"
        },
        "href" : "https://api.spotify.com/v1/tracks/7ktUS8u1edDJ6WYPagXcrx",
        "id" : "7ktUS8u1edDJ6WYPagXcrx",
        "is_local" : false,
        "name" : "Impossibilium",
        "preview_url" : null,
        "track_number" : 14,
        "type" : "track",
        "uri" : "spotify:track:7ktUS8u1edDJ6WYPagXcrx"
      } ],
      "limit" : 50,
      "next" : null,
      "offset" : 0,
      "previous" : null,
      "total" : 14
    },
    "type" : "album",
    "uri" : "spotify:album:3qtWDY2yl7NGrpCYqxrUt6"
  }